ansible,335327
awesome-machine-learning,1183
awesome-python,1031
big-list-of-naughty-strings,1377
celery,45641
certbot,26098
compose,17240
CppCoreGuidelines,13811
cpython,483942
data-science-ipython-notebooks,3223
Deep-Learning-Papers-Reading-Roadmap,167
django-rest-framework,20354
django,213237
fabric,7273
flask,8580
glances,22047
Hack,1122
home-assistant,121265
httpie,4201
interactive-coding-challenges,3231
ipython,33481
jieba,723708
keras,26654
localstack,3485
luigi,30091
macOS-Security-and-Privacy-Guide,2523
Mailpile,35077
material-theme,6134
mitmproxy,38759
models,38909
neural-doodle,410
neural-enhance,369
pandas,201603
pelican,9582
powerline,21943
pyspider,12784
python-patterns,2565
reddit,70906
requests,25124
RocAlphaGo,2642
salt,null
scikit-learn,103620
scrapy,24493
sentry,213634
shadowsocks,1
source-code-pro,130
sqlmap,48689
sshuttle,4186
superset,16520
system-design-primer,4597
thefuck,8583
tornado,25660
XX-Net,292218
you-get,8194
YouCompleteMe,8090
youtube-dl,102102
ZeroNet,29183